date,open,high,low,close,
2021/08/04,151.685,151.923,151.531,151.892,
2021/08/03,151.697,152.196,151.166,151.709,
2021/08/02,152.294,152.854,151.532,151.814,
2021/07/30,152.751,153.213,152.439,152.474,
2021/07/29,152.813,153.440,152.513,152.859,
2021/07/28,152.309,152.995,152.177,152.841,
2021/07/27,152.516,152.590,151.572,152.364,
2021/07/26,151.965,152.609,151.399,152.534,
2021/07/23,151.494,152.159,151.448,151.994,
2021/07/22,151.190,151.909,150.736,151.663,
2021/07/21,149.623,151.340,149.288,151.254,
2021/07/20,149.586,149.973,148.457,149.712,
2021/07/19,151.439,151.529,149.330,149.705,
2021/07/16,151.822,152.609,151.429,151.450,
2021/07/15,152.377,152.798,151.608,151.899,
2021/07/14,152.789,153.295,152.336,152.399,
2021/07/13,153.209,153.484,152.403,152.817,
2021/07/12,152.980,153.341,152.409,153.208,
2021/07/09,151.250,153.079,151.172,153.058,
2021/07/08,152.644,152.742,150.664,151.363,
2021/07/07,152.613,153.170,152.289,152.630,
2021/07/06,153.514,154.070,152.351,152.650,
2021/07/05,153.451,153.750,153.423,153.638,
2021/07/02,153.430,153.726,153.081,153.574,
2021/07/01,153.565,153.969,153.350,153.480,
2021/06/30,152.902,153.749,152.661,153.688,
2021/06/29,153.464,153.577,152.609,153.010,
2021/06/28,153.841,154.224,153.385,153.527,
2021/06/25,154.237,154.532,153.592,153.823,
2021/06/24,154.859,155.143,153.823,154.378,
2021/06/23,154.276,155.152,154.194,154.907,
2021/06/22,153.622,154.466,153.088,154.411,
2021/06/21,151.977,153.732,151.315,153.717,
2021/06/18,153.390,153.775,152.076,152.105,
2021/06/17,154.753,155.013,153.135,153.544,
2021/06/16,154.952,155.378,154.667,154.804,
2021/06/15,155.232,155.485,154.533,155.059,
2021/06/14,154.599,155.343,154.319,155.278,
2021/06/11,154.958,155.206,154.639,154.757,
2021/06/10,154.667,155.211,154.129,154.985,
2021/06/09,154.860,155.313,154.477,154.741,
2021/06/08,154.899,155.088,154.554,154.989,
2021/06/07,154.982,155.278,154.547,154.878,
2021/06/04,155.479,155.750,155.026,155.124,
2021/06/03,155.211,155.812,155.183,155.617,
2021/06/02,154.889,155.500,154.805,155.292,
2021/06/01,155.594,155.928,154.854,154.961,
2021/05/31,155.749,155.918,155.298,155.685,
2021/05/28,155.909,156.057,155.584,155.850,
2021/05/27,154.027,156.075,153.840,155.993,
2021/05/26,153.866,154.343,153.771,154.108,
2021/05/25,153.832,154.447,153.772,153.902,
2021/05/24,153.975,154.157,153.764,153.963,
2021/05/21,154.305,154.675,154.008,154.151,
2021/05/20,154.073,154.412,153.612,154.372,
2021/05/19,154.403,154.809,153.538,154.145,
2021/05/18,154.299,154.829,154.273,154.478,
2021/05/17,153.966,154.465,153.730,154.443,
2021/05/14,153.739,154.280,153.610,154.128,
2021/05/13,154.075,154.335,153.465,153.777,
2021/05/12,153.561,154.432,153.520,154.203,
2021/05/11,153.607,153.958,153.147,153.619,
2021/05/10,151.977,154.025,151.935,153.635,
2021/05/07,151.546,152.116,151.259,151.997,
2021/05/06,151.721,152.120,151.240,151.548,
2021/05/05,151.742,152.230,151.693,151.862,
2021/05/04,151.651,152.056,150.996,151.780,
2021/05/03,150.958,151.929,150.905,151.684,
2021/04/30,151.736,152.112,150.871,151.026,
2021/04/29,151.249,152.409,151.219,151.857,
2021/04/28,151.112,151.568,151.007,151.422,
2021/04/27,150.134,151.248,150.133,151.231,
2021/04/26,149.708,150.379,149.537,150.265,
2021/04/23,149.303,149.951,149.057,149.812,
2021/04/22,150.456,150.653,149.406,149.416,
2021/04/21,150.620,150.968,150.041,150.494,
2021/04/20,151.219,151.978,150.560,150.643,
2021/04/19,150.418,151.316,149.884,151.243,
2021/04/16,149.788,150.564,149.385,150.558,
2021/04/15,150.079,150.201,149.682,149.860,
2021/04/14,149.918,150.454,149.583,150.065,
2021/04/13,150.290,150.826,149.666,149.960,
2021/04/12,150.300,150.586,149.755,150.316,
2021/04/09,149.929,150.930,149.590,150.327,
2021/04/08,150.851,151.090,149.882,150.085,
2021/04/07,151.679,152.074,150.656,150.894,
2021/04/06,153.049,153.411,151.688,151.714,
2021/04/05,152.875,153.364,152.837,153.196,
2021/04/02,152.913,153.203,152.697,153.046,
2021/04/01,152.538,153.070,152.289,153.007,
2021/03/31,151.476,152.777,151.450,152.574,
2021/03/30,151.074,151.941,151.011,151.624,
2021/03/29,151.200,151.807,150.577,151.145,
2021/03/26,149.913,151.541,149.853,151.175,
2021/03/25,148.757,150.054,148.752,149.941,
2021/03/24,149.293,149.443,148.523,148.814,
2021/03/23,150.792,150.877,149.079,149.340,
2021/03/22,150.351,150.931,150.182,150.897,
2021/03/19,151.668,151.800,150.567,150.952,
2021/03/18,151.967,152.550,151.454,151.611,
2021/03/17,151.321,152.064,151.307,151.983,
2021/03/16,151.594,151.749,150.785,151.443,
2021/03/15,151.683,152.111,151.198,151.708,
2021/03/12,151.745,152.234,151.227,151.843,
2021/03/11,150.935,151.830,150.831,151.824,
2021/03/10,150.710,151.189,150.563,151.056,
2021/03/09,150.482,151.278,150.329,150.671,
2021/03/08,149.725,150.696,149.666,150.535,
2021/03/05,150.022,150.369,149.354,150.026,
2021/03/04,149.266,150.731,149.042,150.010,
2021/03/03,148.877,149.695,148.826,149.267,
2021/03/02,148.486,149.192,148.112,148.937,
2021/03/01,148.430,149.294,148.336,148.667,
2021/02/26,148.713,149.174,147.402,148.439,
2021/02/25,149.651,150.439,148.478,148.845,
2021/02/24,148.422,150.135,148.393,149.682,
2021/02/23,147.736,148.607,147.661,148.553,
2021/02/22,147.785,148.288,147.540,147.751,
2021/02/19,147.571,148.153,147.281,147.708,
2021/02/18,146.652,147.785,146.545,147.640,
2021/02/17,147.290,147.564,146.414,146.775,
2021/02/16,146.457,147.459,146.335,147.426,
2021/02/15,145.322,146.637,145.307,146.477,
2021/02/12,144.677,145.474,144.496,145.365,
2021/02/11,144.607,144.906,144.559,144.690,
2021/02/10,144.430,145.067,144.351,144.707,
2021/02/09,144.505,144.668,144.032,144.427,
2021/02/08,144.450,144.929,144.406,144.612,
2021/02/05,144.154,144.887,144.123,144.777,
2021/02/04,143.150,144.363,142.836,144.331,
2021/02/03,143.385,143.685,143.111,143.341,
2021/02/02,143.279,143.775,143.127,143.493,
2021/02/01,143.551,144.096,143.322,143.391,
2021/01/29,142.926,143.955,142.903,143.495,
2021/01/28,142.449,143.265,142.189,143.126,
2021/01/27,142.304,142.857,142.196,142.507,
2021/01/26,141.694,142.453,141.278,142.341,
2021/01/25,141.943,142.324,141.656,141.893,
2021/01/22,142.081,142.202,141.509,142.039,
2021/01/21,141.381,142.219,141.271,142.109,
2021/01/20,141.574,142.333,141.082,141.357,
2021/01/19,140.824,141.735,140.708,141.606,
2021/01/18,140.982,141.203,140.355,140.864,
2021/01/15,142.036,142.130,140.953,141.084,
2021/01/14,141.632,142.236,141.543,142.083,
2021/01/13,141.782,142.260,141.525,141.664,
2021/01/12,140.781,142.028,140.724,141.785,
2021/01/11,140.814,140.928,140.336,140.851,
2021/01/08,140.746,141.377,140.727,140.973,
2021/01/07,140.089,140.991,140.079,140.823,
2021/01/06,139.806,140.571,139.783,140.246,
2021/01/05,139.881,140.150,139.505,139.975,
2021/01/04,140.877,141.312,139.682,139.962,
2020/12/31,140.387,141.249,140.344,141.163,
2020/12/30,139.819,140.653,139.711,140.616,
2020/12/29,139.609,140.171,139.450,139.825,
2020/12/28,140.236,140.574,139.477,139.674,
2020/12/25,140.565,140.662,140.298,140.513,
2020/12/24,139.638,141.214,139.618,140.242,
2020/12/23,138.355,140.316,138.328,139.750,
2020/12/22,139.052,139.151,137.994,138.458,
2020/12/21,138.629,139.516,136.968,139.061,
2020/12/18,139.981,140.319,139.311,139.406,
2020/12/17,139.617,140.442,139.560,140.020,
2020/12/16,139.458,140.059,139.148,139.704,
2020/12/15,138.619,139.597,138.277,139.570,
2020/12/14,138.823,139.432,138.263,138.704,
2020/12/11,138.498,138.736,136.785,137.592,
2020/12/10,139.635,139.733,138.386,138.536,
2020/12/09,139.045,140.331,138.968,139.752,
2020/12/08,139.141,139.376,138.407,139.125,
2020/12/07,139.615,139.883,137.902,139.214,
2020/12/04,139.632,140.706,139.444,139.973,
2020/12/03,139.563,140.283,139.505,139.688,
2020/12/02,139.995,140.448,138.891,139.616,
2020/12/01,138.914,140.305,138.874,140.008,
2020/11/30,138.638,139.465,138.413,138.927,
2020/11/27,139.192,139.259,138.325,138.349,
2020/11/26,139.743,139.835,138.923,139.234,
2020/11/25,139.432,139.852,138.996,139.838,
2020/11/24,139.122,139.837,139.116,139.544,
2020/11/23,137.894,139.339,137.785,139.292,
2020/11/20,137.547,138.055,137.365,138.011,
2020/11/19,137.734,137.999,137.191,137.594,
2020/11/18,137.975,138.186,137.696,137.712,
2020/11/17,137.884,138.355,137.813,138.020,
2020/11/16,137.923,138.863,137.664,138.028,
2020/11/13,137.814,138.509,137.540,138.069,
2020/11/12,139.244,139.431,137.739,137.942,
2020/11/11,139.635,140.311,139.198,139.438,
2020/11/10,138.644,139.764,138.164,139.673,
2020/11/09,135.923,138.905,135.637,138.718,
2020/11/06,135.971,136.233,135.465,135.856,
2020/11/05,135.672,136.304,135.041,136.113,
2020/11/04,136.397,137.380,135.367,135.734,
2020/11/03,135.223,136.692,135.156,136.527,
2020/11/02,135.072,135.434,134.868,135.316,
2020/10/30,135.082,135.799,134.402,135.624,
2020/10/29,135.468,135.945,134.644,135.228,
2020/10/28,136.103,136.280,134.882,135.424,
2020/10/27,136.367,136.588,136.142,136.215,
2020/10/26,136.572,137.062,136.294,136.513,
2020/10/23,137.107,137.319,136.357,136.581,
2020/10/22,137.373,137.588,136.967,137.201,
2020/10/21,136.357,137.667,136.357,137.520,
2020/10/20,136.391,137.027,136.294,136.601,
2020/10/19,135.890,137.246,135.793,136.533,
2020/10/16,136.007,136.411,135.490,136.237,
2020/10/15,136.743,137.170,135.766,136.079,
2020/10/14,136.398,137.332,135.659,136.832,
2020/10/13,137.601,137.771,136.368,136.433,
2020/10/12,137.661,137.789,137.219,137.604,
2020/10/09,137.063,137.780,136.794,137.719,
2020/10/08,136.838,137.405,136.678,137.143,
2020/10/07,135.912,136.990,135.852,136.894,
2020/10/06,137.124,137.443,135.946,135.998,
2020/10/05,136.068,137.344,135.977,137.262,
2020/10/02,135.917,136.389,135.052,136.294,
2020/10/01,136.124,137.008,135.360,136.018,
2020/09/30,135.739,136.542,135.183,136.268,
2020/09/29,135.364,136.250,135.307,135.896,
2020/09/28,134.693,136.227,134.359,135.362,
2020/09/25,134.294,134.822,133.825,134.617,
2020/09/24,134.004,134.664,133.603,134.326,
2020/09/23,133.584,134.618,133.136,134.066,
2020/09/22,134.044,134.387,133.042,133.677,
2020/09/21,135.095,135.331,133.537,134.111,
2020/09/18,135.775,136.158,134.952,135.148,
2020/09/17,136.021,136.218,134.565,135.876,
2020/09/16,135.766,136.464,135.559,136.081,
2020/09/15,135.744,136.431,135.413,135.902,
2020/09/14,135.500,136.586,135.439,135.826,
2020/09/11,135.808,136.593,135.569,135.770,
2020/09/10,137.876,138.356,135.571,135.984,
2020/09/09,137.598,138.360,136.736,138.015,
2020/09/08,139.879,139.975,137.612,137.633,
2020/09/07,140.746,140.996,139.597,139.878,
2020/09/04,140.816,141.434,140.112,141.062,
2020/09/03,141.657,141.863,140.474,141.036,
2020/09/02,141.663,141.974,141.015,141.770,
2020/09/01,141.513,142.712,141.330,141.814,
2020/08/31,140.541,142.037,140.498,141.541,
2020/08/28,140.612,141.616,140.008,140.672,
2020/08/27,139.959,140.852,139.692,140.651,
2020/08/26,139.791,140.300,139.629,140.023,
2020/08/25,138.440,140.027,138.306,139.913,
2020/08/24,138.327,139.001,138.290,138.435,
2020/08/21,139.758,139.943,138.251,138.505,
2020/08/20,138.887,139.868,138.565,139.791,
2020/08/19,139.489,139.947,138.790,139.017,
2020/08/18,138.824,139.636,138.598,139.522,
2020/08/17,139.603,139.686,138.732,138.911,
2020/08/14,139.555,140.008,139.341,139.494,
2020/08/13,139.197,140.206,139.175,139.717,
2020/08/12,138.966,139.617,138.875,139.277,
2020/08/11,138.292,139.496,138.292,138.944,
2020/08/10,138.205,138.644,138.099,138.512,
2020/08/07,138.691,138.747,137.841,138.335,
2020/08/06,138.462,139.232,138.358,138.724,
2020/08/05,138.063,138.999,138.002,138.471,
2020/08/04,138.558,138.881,137.805,138.177,
2020/08/03,138.286,139.029,137.748,138.521,
2020/07/31,137.076,139.202,136.788,138.558,
2020/07/30,136.220,137.385,136.064,137.138,
2020/07/29,135.752,136.462,135.673,136.353,
2020/07/28,135.759,136.124,135.322,135.873,
2020/07/27,135.612,135.826,135.144,135.737,
2020/07/24,136.029,136.143,134.994,135.503,
2020/07/23,136.338,136.622,135.842,136.134,
2020/07/22,135.796,136.617,135.279,136.455,
2020/07/21,135.695,136.439,135.605,135.971,
2020/07/20,134.403,135.904,134.305,135.822,
2020/07/17,134.600,134.904,134.123,134.448,
2020/07/16,134.502,135.166,134.050,134.669,
2020/07/15,134.565,135.083,134.466,134.610,
2020/07/14,134.649,134.776,133.979,134.605,
2020/07/13,134.862,135.479,134.582,134.691,
2020/07/10,135.115,135.198,134.280,135.045,
2020/07/09,135.196,135.919,135.044,135.141,
2020/07/08,134.842,135.423,134.577,135.232,
2020/07/07,134.093,135.406,133.977,134.884,
2020/07/06,133.967,134.671,133.952,134.144,
2020/07/03,133.966,134.199,133.696,134.129,
2020/07/02,133.938,134.701,133.780,134.028,
2020/07/01,133.761,134.220,132.945,134.050,
2020/06/30,132.241,133.881,132.018,133.842,
2020/06/29,132.189,132.684,131.952,132.296,
2020/06/26,133.105,133.256,132.037,132.270,
2020/06/25,132.959,133.610,132.790,133.111,
2020/06/24,133.210,133.614,132.674,132.953,
2020/06/23,133.198,133.986,132.598,133.400,
2020/06/22,131.793,133.412,131.698,133.300,
2020/06/19,132.776,133.246,131.929,132.001,
2020/06/18,134.033,134.521,132.379,132.860,
2020/06/17,134.951,135.225,134.057,134.320,
2020/06/16,135.240,136.350,134.720,134.922,
2020/06/15,134.276,135.312,133.500,135.294,
2020/06/12,134.598,136.039,133.795,134.444,
2020/06/11,136.509,136.589,134.464,134.657,
2020/06/10,137.107,137.412,136.465,136.546,
2020/06/09,137.947,138.244,136.230,137.151,
2020/06/08,138.904,139.575,137.419,137.952,
2020/06/05,137.518,139.736,137.192,138.885,
2020/06/04,136.885,137.807,135.954,137.485,
2020/06/03,136.350,137.388,136.238,136.946,
2020/06/02,134.332,136.518,134.216,136.402,
2020/06/01,132.675,134.528,132.674,134.358,
2020/05/29,132.543,133.458,131.778,133.145,
2020/05/28,132.018,132.880,131.825,132.609,
2020/05/27,132.639,133.004,131.628,132.061,
2020/05/26,131.193,133.037,131.170,132.695,
2020/05/25,130.937,131.406,130.851,131.224,
2020/05/22,131.450,131.777,130.666,130.992,
2020/05/21,131.544,131.950,131.219,131.527,
2020/05/20,131.835,132.422,131.432,131.608,
2020/05/19,130.804,132.501,130.677,131.948,
2020/05/18,129.382,131.278,129.253,130.846,
2020/05/15,131.076,131.419,129.873,129.928,
2020/05/14,130.901,131.299,130.143,131.166,
2020/05/13,131.305,131.934,130.646,130.958,
2020/05/12,132.687,132.866,131.305,131.369,
2020/05/11,132.219,133.187,131.879,132.775,
2020/05/08,131.310,132.682,131.245,132.376,
2020/05/07,130.927,132.020,130.656,131.345,
2020/05/06,132.364,132.614,130.830,130.937,
2020/05/05,132.730,133.179,132.442,132.499,
2020/05/04,133.333,133.434,132.515,132.768,
2020/05/01,134.869,135.078,133.363,133.651,
2020/04/30,132.848,135.447,132.664,135.008,
2020/04/29,132.690,133.006,131.936,132.959,
2020/04/28,133.101,133.555,132.722,132.751,
2020/04/27,132.920,133.572,132.798,133.252,
2020/04/24,132.902,133.150,132.388,132.795,
2020/04/23,132.865,133.676,132.393,132.891,
2020/04/22,132.350,133.298,132.050,132.906,
2020/04/21,133.731,134.064,131.904,132.472,
2020/04/20,134.276,134.722,133.778,133.784,
2020/04/17,134.378,134.940,133.896,134.458,
2020/04/16,134.415,134.879,133.711,134.411,
2020/04/15,135.199,135.322,133.634,134.524,
2020/04/14,134.683,135.493,134.570,135.337,
2020/04/13,135.036,135.166,134.510,134.729,
2020/04/10,135.113,135.396,134.900,135.158,
2020/04/09,134.690,135.747,134.608,135.258,
2020/04/08,134.116,135.021,133.700,134.743,
2020/04/07,133.535,134.974,132.905,134.212,
2020/04/06,132.590,134.523,132.452,133.666,
2020/04/03,133.681,134.085,132.544,132.924,
2020/04/02,132.499,133.949,132.499,133.714,
2020/04/01,133.347,133.758,132.478,132.509,
2020/03/31,133.554,134.622,132.959,133.508,
2020/03/30,134.005,134.410,132.746,133.927,
2020/03/27,133.446,134.714,132.114,134.446,
2020/03/26,132.164,133.816,130.533,133.692,
2020/03/25,130.803,133.395,129.853,132.073,
2020/03/24,127.968,131.431,127.897,130.744,
2020/03/23,129.200,129.467,127.331,128.405,
2020/03/20,127.044,132.029,126.396,128.693,
2020/03/19,125.092,129.568,124.748,127.041,
2020/03/18,129.710,130.327,124.034,125.681,
2020/03/17,129.889,131.219,128.596,129.706,
2020/03/16,131.535,133.056,128.901,129.975,
2020/03/13,131.711,134.307,131.225,133.730,
2020/03/12,133.749,134.297,131.319,131.476,
2020/03/11,136.042,136.551,133.798,133.977,
2020/03/10,133.914,137.208,133.654,136.475,
2020/03/09,136.250,136.812,132.559,134.174,
2020/03/06,137.365,137.737,136.436,137.468,
2020/03/05,138.321,138.681,137.373,137.498,
2020/03/04,137.110,138.417,137.038,138.402,
2020/03/03,137.999,138.576,136.934,137.259,
2020/03/02,137.219,139.182,137.154,138.151,
2020/02/28,141.116,141.410,137.529,138.265,
2020/02/27,142.298,142.548,141.162,141.170,
2020/02/26,143.101,143.723,142.236,142.420,
2020/02/25,143.036,143.642,142.914,143.302,
2020/02/24,144.071,144.623,142.630,143.213,
2020/02/21,144.319,144.957,143.722,144.631,
2020/02/20,143.844,144.604,143.602,144.405,
2020/02/19,142.746,144.159,142.741,143.876,
2020/02/18,142.874,143.230,142.315,142.781,
2020/02/17,143.129,143.369,142.844,142.896,
2020/02/14,143.170,143.404,142.762,143.239,
2020/02/13,142.605,143.476,142.145,143.245,
2020/02/12,142.098,142.886,142.066,142.681,
2020/02/11,141.700,142.456,141.618,142.204,
2020/02/10,141.330,142.091,141.233,141.757,
2020/02/07,142.086,142.372,141.398,141.426,
2020/02/06,142.732,142.819,142.088,142.246,
2020/02/05,142.702,143.372,142.225,142.809,
2020/02/04,141.152,142.834,140.924,142.725,
2020/02/03,142.815,143.105,141.065,141.248,
2020/01/31,142.499,143.285,142.410,143.071,
2020/01/30,141.663,142.703,141.258,142.612,
2020/01/29,142.147,142.342,141.709,141.936,
2020/01/28,142.083,142.454,141.480,142.183,
2020/01/27,142.425,142.745,142.058,142.185,
2020/01/24,143.588,144.397,142.712,142.889,
2020/01/23,144.304,144.395,143.207,143.711,
2020/01/22,143.237,144.607,143.228,144.336,
2020/01/21,143.280,143.973,142.863,143.349,
2020/01/20,142.975,143.364,142.801,143.341,
2020/01/17,143.933,144.525,143.298,143.343,
2020/01/16,143.238,144.136,143.185,144.065,
2020/01/15,143.142,143.389,142.650,143.285,
2020/01/14,142.699,143.427,142.448,143.208,
2020/01/13,142.710,142.968,142.352,142.783,
2020/01/10,143.078,143.488,142.887,142.955,
2020/01/09,142.823,143.455,142.423,143.132,
2020/01/08,142.264,143.101,141.123,142.899,
2020/01/07,142.616,143.290,141.988,142.274,
2020/01/06,141.052,142.786,140.775,142.717,
2020/01/03,142.595,142.780,140.998,141.317,
2020/01/02,143.995,144.189,142.267,142.618,
2019/12/31,142.671,144.363,142.429,144.105,
2019/12/30,143.170,143.431,142.587,142.759,
2019/12/27,142.397,143.646,142.041,143.120,
2019/12/26,141.475,142.726,141.475,142.469,
2019/12/25,141.308,141.728,141.260,141.491,
2019/12/24,141.371,141.860,141.165,141.452,
2019/12/23,142.193,142.534,141.163,141.468,
2019/12/20,142.216,143.049,142.120,142.361,
2019/12/19,143.211,143.864,141.977,142.262,
2019/12/18,143.619,143.863,143.068,143.278,
2019/12/17,146.036,146.055,143.477,143.772,
2019/12/16,145.685,146.807,145.685,146.113,
2019/12/13,146.987,147.955,145.454,145.882,
2019/12/12,143.162,144.146,142.478,144.016,
2019/12/11,142.714,143.372,142.540,143.242,
2019/12/10,142.617,143.663,142.551,142.992,
2019/12/09,142.629,143.106,142.562,142.623,
2019/12/06,143.017,143.148,142.370,142.648,
2019/12/05,142.597,143.247,142.584,143.115,
2019/12/04,141.090,142.784,140.831,142.648,
2019/12/03,140.919,141.711,140.910,141.126,
2019/12/02,141.330,141.816,140.940,141.032,
2019/11/29,141.350,141.683,141.107,141.559,
2019/11/28,141.490,141.847,141.246,141.424,
2019/11/27,140.150,141.524,140.049,141.444,
2019/11/26,140.440,140.889,139.985,140.329,
2019/11/25,139.584,140.625,139.456,140.506,
2019/11/22,140.145,140.485,139.323,139.441,
2019/11/21,140.249,140.916,139.974,140.168,
2019/11/20,140.229,140.484,139.677,140.360,
2019/11/19,140.652,140.932,140.102,140.295,
2019/11/18,140.519,141.574,140.359,140.763,
2019/11/15,139.591,140.459,139.576,140.415,
2019/11/14,139.735,139.862,139.399,139.649,
2019/11/13,140.021,140.248,139.440,139.842,
2019/11/12,140.067,140.586,139.943,140.030,
2019/11/11,139.668,140.485,139.365,140.200,
2019/11/08,140.090,140.210,139.414,139.601,
2019/11/07,139.992,140.530,139.486,140.031,
2019/11/06,140.628,140.650,139.864,140.048,
2019/11/05,139.834,140.742,139.779,140.673,
2019/11/04,139.886,140.236,139.839,139.865,
2019/11/01,139.728,140.151,139.580,139.988,
2019/10/31,140.298,140.684,139.601,139.805,
2019/10/30,139.930,140.501,139.864,140.401,
2019/10/29,140.053,140.533,139.466,140.076,
2019/10/28,139.362,140.252,139.208,140.085,
2019/10/25,139.469,139.797,139.025,139.392,
2019/10/24,140.242,140.738,138.870,139.612,
2019/10/23,139.579,140.420,139.083,140.333,
2019/10/22,140.685,141.109,139.511,139.609,
2019/10/21,140.348,141.359,139.471,140.733,
2019/10/18,140.011,140.629,139.344,140.313,
2019/10/17,139.448,141.483,138.626,140.069,
2019/10/16,139.004,140.098,137.580,139.532,
2019/10/15,136.623,139.314,136.441,139.143,
2019/10/14,136.810,137.168,135.498,136.654,
2019/10/11,134.243,137.878,134.008,137.221,
2019/10/10,131.106,134.564,130.728,134.274,
2019/10/09,130.745,131.816,130.651,131.166,
2019/10/08,131.750,132.114,130.428,130.849,
2019/10/07,131.169,132.242,131.166,131.806,
2019/10/04,131.726,131.992,131.279,131.816,
2019/10/03,131.784,132.545,131.483,131.753,
2019/10/02,132.577,132.588,131.575,131.819,
2019/10/01,132.701,133.357,131.781,132.578,
2019/09/30,132.618,133.332,132.472,132.888,
2019/09/27,132.801,133.280,132.321,132.713,
2019/09/26,133.018,133.287,132.381,132.896,
2019/09/25,133.667,134.007,132.840,133.063,
2019/09/24,133.597,134.580,133.537,133.789,
2019/09/23,134.258,134.546,133.347,133.710,
2019/09/20,135.273,135.746,134.112,134.126,
2019/09/19,135.166,135.514,134.222,135.295,
2019/09/18,135.041,135.654,134.594,135.272,
2019/09/17,134.360,135.418,133.987,135.150,
2019/09/16,134.297,134.860,133.873,134.394,
2019/09/13,133.289,135.101,133.242,135.063,
2019/09/12,132.805,133.640,132.170,133.331,
2019/09/11,132.738,133.364,132.669,132.979,
2019/09/10,132.342,132.933,132.017,132.897,
2019/09/09,131.034,132.558,130.806,132.367,
2019/09/06,131.804,132.128,131.265,131.449,
2019/09/05,130.311,132.165,129.916,131.868,
2019/09/04,128.073,130.414,127.937,130.413,
2019/09/03,128.048,128.249,126.676,128.069,
2019/09/02,128.744,129.316,127.870,128.106,
2019/08/30,129.666,129.818,129.077,129.261,
2019/08/29,129.426,130.029,128.971,129.754,
2019/08/28,129.895,130.069,128.477,129.563,
2019/08/27,129.606,130.381,129.006,129.957,
2019/08/26,128.532,130.125,128.158,129.678,
2019/08/23,130.307,130.552,128.983,129.381,
2019/08/22,129.212,130.699,128.756,130.442,
2019/08/21,129.223,129.671,128.884,129.211,
2019/08/20,129.280,129.626,128.267,129.297,
2019/08/19,129.068,129.535,128.969,129.298,
2019/08/16,128.137,129.572,128.137,129.116,
2019/08/15,127.585,128.984,127.460,128.296,
2019/08/14,128.627,128.743,127.488,127.695,
2019/08/13,127.018,129.225,126.799,128.731,
2019/08/12,127.076,127.515,126.548,127.148,
2019/08/09,128.339,128.749,126.969,127.014,
2019/08/08,128.976,129.330,128.277,128.695,
2019/08/07,129.503,129.554,128.219,129.054,
2019/08/06,128.563,130.063,128.098,129.529,
2019/08/05,129.236,129.603,128.171,128.617,
2019/08/02,130.120,130.418,129.077,129.526,
2019/08/01,132.127,132.556,130.150,130.197,
2019/07/31,131.900,132.990,131.845,132.261,
2019/07/30,132.843,133.072,131.606,131.932,
2019/07/29,134.396,134.561,132.849,132.898,
2019/07/26,135.212,135.392,134.551,134.635,
2019/07/25,134.971,135.666,134.708,135.313,
2019/07/24,134.537,135.280,134.245,135.048,
2019/07/23,134.435,134.983,134.313,134.615,
2019/07/22,134.482,135.087,134.321,134.574,
2019/07/19,134.553,135.006,134.516,134.679,
2019/07/18,134.154,134.823,133.850,134.648,
2019/07/17,134.264,134.618,133.971,134.167,
2019/07/16,134.945,135.260,133.964,134.268,
2019/07/15,135.387,135.842,134.949,135.048,
2019/07/12,135.826,136.019,135.499,135.596,
2019/07/11,135.547,136.052,135.077,135.899,
2019/07/10,135.594,136.054,135.490,135.625,
2019/07/09,136.002,136.279,135.392,135.641,
2019/07/08,135.787,136.123,135.542,136.111,
2019/07/05,135.581,136.039,135.485,135.870,
2019/07/04,135.598,135.711,135.438,135.607,
2019/07/03,135.777,135.904,135.173,135.576,
2019/07/02,137.005,137.138,135.859,135.902,
2019/07/01,137.265,137.781,136.737,137.026,
2019/06/28,136.496,137.199,136.273,136.904,
2019/06/27,136.686,137.330,136.408,136.579,
2019/06/26,135.937,136.887,135.859,136.734,
2019/06/25,136.566,136.841,135.806,135.982,
2019/06/24,136.558,137.126,136.488,136.701,
2019/06/21,136.204,136.824,135.941,136.816,
2019/06/20,136.549,137.183,136.177,136.319,
2019/06/19,136.143,137.028,135.788,136.690,
2019/06/18,136.004,136.243,135.369,136.194,
2019/06/17,136.455,136.932,135.997,136.002,
2019/06/14,137.270,137.423,136.513,136.551,
2019/06/13,137.590,137.781,137.101,137.374,
2019/06/12,137.973,138.242,137.560,137.683,
2019/06/11,137.504,138.321,137.447,138.068,
2019/06/10,138.081,138.255,137.476,137.594,
2019/06/07,137.560,138.166,137.460,137.750,
2019/06/06,137.528,137.803,136.983,137.557,
2019/06/05,137.228,137.786,137.200,137.529,
2019/06/04,136.841,137.471,136.560,137.352,
2019/06/03,136.712,137.121,136.616,136.850,
2019/05/31,138.132,138.227,136.628,136.998,
2019/05/30,138.227,138.734,138.053,138.213,
2019/05/29,138.339,138.588,137.868,138.366,
2019/05/28,138.748,139.010,138.288,138.362,
2019/05/27,139.087,139.642,138.676,138.871,
2019/05/24,138.670,139.488,138.507,138.955,
2019/05/23,139.584,139.718,138.522,138.730,
2019/05/22,140.384,140.701,139.311,139.713,
2019/05/21,139.995,141.712,139.647,140.390,
2019/05/20,140.183,140.527,139.703,140.043,
2019/05/17,140.508,140.686,139.548,139.931,
2019/05/16,140.702,140.792,140.202,140.557,
2019/05/15,141.477,141.645,140.205,140.726,
2019/05/14,141.557,142.175,141.332,141.452,
2019/05/13,142.631,142.869,141.205,141.641,
2019/05/10,142.726,143.242,142.510,142.983,
2019/05/09,143.033,143.244,142.235,142.717,
2019/05/08,144.077,144.189,143.035,143.202,
2019/05/07,144.903,145.359,143.858,144.111,
2019/05/06,145.330,145.947,144.982,145.162,
2019/05/03,145.241,146.500,144.806,146.273,
2019/05/02,145.230,145.872,145.086,145.333,
2019/05/01,145.206,145.699,145.162,145.377,
2019/04/30,144.428,145.379,144.047,145.315,
2019/04/29,144.044,144.717,144.002,144.408,
2019/04/26,143.919,144.452,143.768,144.259,
2019/04/25,144.685,144.883,143.792,144.021,
2019/04/24,144.672,145.016,144.402,144.727,
2019/04/23,145.234,145.614,144.581,144.734,
2019/04/22,145.280,145.510,145.215,145.282,
2019/04/19,145.291,145.554,145.283,145.438,
2019/04/18,146.018,146.101,145.284,145.377,
2019/04/17,146.085,146.304,145.836,146.126,
2019/04/16,146.633,146.753,146.010,146.164,
2019/04/15,146.304,146.994,146.304,146.751,
2019/04/12,145.735,147.012,145.677,146.485,
2019/04/11,145.186,145.950,145.063,145.765,
2019/04/10,144.881,145.667,144.881,145.311,
2019/04/09,145.514,146.051,144.777,145.059,
2019/04/08,145.303,145.772,145.100,145.637,
2019/04/05,146.025,146.553,145.111,145.563,
2019/04/04,146.639,146.956,145.681,145.989,
2019/04/03,146.186,147.197,146.029,146.699,
2019/04/02,145.677,146.435,144.931,146.198,
2019/04/01,144.715,146.352,144.383,145.901,
2019/03/29,144.251,145.487,143.818,144.331,
2019/03/28,145.647,145.924,144.242,144.279,
2019/03/27,146.014,146.499,145.527,145.789,
2019/03/26,145.040,146.452,144.917,146.082,
2019/03/25,145.204,145.804,144.626,145.121,
2019/03/22,145.145,145.747,144.535,145.157,
2019/03/21,145.972,146.395,144.134,145.235,
2019/03/20,147.789,148.079,145.875,146.051,
2019/03/19,147.615,148.052,147.523,147.781,
2019/03/18,148.180,148.384,147.019,147.667,
2019/03/15,147.704,148.377,147.422,148.189,
2019/03/14,148.100,148.874,147.385,147.936,
2019/03/13,145.467,148.686,145.356,148.255,
2019/03/12,146.122,147.783,144.578,145.545,
2019/03/11,143.941,146.496,143.721,146.237,
2019/03/08,145.916,146.186,144.310,144.597,
2019/03/07,147.153,147.284,145.785,146.008,
2019/03/06,147.311,147.397,146.693,147.200,
2019/03/05,147.159,147.785,146.607,147.456,
2019/03/04,148.117,148.307,147.101,147.280,
2019/03/01,147.684,148.566,147.509,147.838,
2019/02/28,147.698,148.265,146.985,147.719,
2019/02/27,146.508,148.045,146.164,147.725,
2019/02/26,145.632,147.058,145.401,146.517,
2019/02/25,144.632,145.666,144.402,145.441,
2019/02/22,144.155,144.751,143.778,144.440,
2019/02/21,144.575,144.927,144.072,144.330,
2019/02/20,144.423,145.048,144.126,144.660,
2019/02/19,142.823,144.693,142.474,144.483,
2019/02/18,142.475,143.032,142.475,142.933,
2019/02/15,141.348,142.402,141.004,142.323,
2019/02/14,142.534,143.029,141.293,141.445,
2019/02/13,142.373,143.331,142.347,142.591,
2019/02/12,141.836,142.635,141.809,142.476,
2019/02/11,141.911,142.557,141.852,141.958,
2019/02/08,142.203,142.517,141.848,142.020,
2019/02/07,142.205,142.627,141.127,142.240,
2019/02/06,142.330,142.516,141.753,142.178,
2019/02/05,143.200,143.565,142.035,142.401,
2019/02/04,143.040,144.173,142.999,143.265,
2019/02/01,142.604,143.495,142.073,143.239,
2019/01/31,142.849,143.209,142.246,142.690,
2019/01/30,142.804,143.597,142.731,143.003,
2019/01/29,143.779,144.477,142.734,142.898,
2019/01/28,144.407,144.719,143.602,143.852,
2019/01/25,143.186,144.836,143.078,144.706,
2019/01/24,143.215,143.550,142.711,143.213,
2019/01/23,141.630,143.562,141.620,143.251,
2019/01/22,141.317,141.928,140.622,141.694,
2019/01/21,141.246,141.527,140.684,141.368,
2019/01/18,141.863,142.080,141.084,141.186,
2019/01/17,140.487,142.214,139.516,141.859,
2019/01/16,139.725,140.699,138.988,140.487,
2019/01/15,139.076,140.433,137.281,139.726,
2019/01/14,139.465,140.054,138.599,139.128,
2019/01/11,138.170,139.481,137.635,139.438,
2019/01/10,138.271,138.534,137.446,138.247,
2019/01/09,138.241,139.106,137.755,138.288,
2019/01/08,138.845,139.437,137.975,138.295,
2019/01/07,138.034,138.935,137.613,138.892,
2019/01/04,135.925,138.299,135.804,138.134,
2019/01/03,137.123,137.217,130.134,136.037,
2019/01/02,139.569,139.914,137.274,137.321,
2018/12/31,139.978,140.877,139.521,139.825,
2018/12/28,140.329,140.352,139.497,139.994,
2018/12/27,140.594,140.811,139.722,140.379,
2018/12/26,139.613,140.867,139.534,140.684,
2018/12/25,140.258,140.278,139.525,139.588,
2018/12/24,140.197,140.845,139.974,140.309,
2018/12/21,140.741,141.165,140.244,140.484,
2018/12/20,141.765,142.112,140.579,140.876,
2018/12/19,142.176,142.536,141.569,141.862,
2018/12/18,142.364,142.655,141.933,142.233,
2018/12/17,142.752,143.241,142.153,142.332,
2018/12/14,143.680,143.854,142.384,142.648,
2018/12/13,143.026,143.931,142.786,143.799,
2018/12/12,141.538,143.447,141.472,143.022,
2018/12/11,142.354,142.906,141.505,141.595,
2018/12/10,142.975,143.699,141.173,142.324,
2018/12/07,143.925,144.218,143.228,143.505,
2018/12/06,144.073,144.164,143.250,144.048,
2018/12/05,143.319,144.540,143.226,144.126,
2018/12/04,144.552,144.760,142.836,143.418,
2018/12/03,144.746,145.513,144.178,144.588,
2018/11/30,145.067,145.287,144.619,144.629,
2018/11/29,145.730,145.778,144.512,145.081,
2018/11/28,144.893,145.834,144.838,145.780,
2018/11/27,145.489,145.532,144.596,144.943,
2018/11/26,144.712,145.743,144.565,145.487,
2018/11/23,145.399,145.530,144.349,144.646,
2018/11/22,144.413,145.947,144.256,145.393,
2018/11/21,144.131,144.890,143.969,144.482,
2018/11/20,144.532,144.914,144.019,144.173,
2018/11/19,144.811,145.316,144.275,144.660,
2018/11/16,145.060,145.445,144.599,144.699,
2018/11/15,147.512,147.925,144.245,145.136,
2018/11/14,147.662,148.427,146.323,147.581,
2018/11/13,146.222,148.726,145.985,147.596,
2018/11/12,146.933,147.578,146.070,146.278,
2018/11/09,148.819,149.040,147.496,147.531,
2018/11/08,148.927,149.485,148.604,148.953,
2018/11/07,148.490,149.228,148.316,149.060,
2018/11/06,147.493,148.707,147.300,148.679,
2018/11/05,147.315,147.800,146.818,147.627,
2018/11/02,146.404,147.257,146.282,146.785,
2018/11/01,144.093,146.868,143.926,146.533,
2018/10/31,143.588,145.132,143.498,144.229,
2018/10/30,143.762,144.387,143.210,143.675,
2018/10/29,143.343,144.401,143.331,143.752,
2018/10/26,144.042,144.155,142.771,143.433,
2018/10/25,144.526,145.035,144.014,144.057,
2018/10/24,145.907,146.302,144.429,144.581,
2018/10/23,146.100,146.399,145.290,145.979,
2018/10/22,147.088,147.582,146.044,146.283,
2018/10/19,145.976,147.328,145.867,147.015,
2018/10/18,147.664,147.770,145.805,146.030,
2018/10/17,147.934,148.251,147.053,147.749,
2018/10/16,146.978,148.408,146.763,147.994,
2018/10/15,146.710,147.423,146.510,146.993,
2018/10/12,148.297,149.005,147.162,147.567,
2018/10/11,148.030,148.780,147.782,148.441,
2018/10/10,148.406,149.302,148.057,148.074,
2018/10/09,147.901,148.739,147.348,148.465,
2018/10/08,149.232,149.511,147.492,148.249,
2018/10/05,148.342,149.232,148.080,149.096,
2018/10/04,148.097,148.634,147.697,148.349,
2018/10/03,147.472,148.582,147.265,148.193,
2018/10/02,148.578,148.721,147.194,147.536,
2018/10/01,148.269,149.390,148.024,148.632,
2018/09/28,148.233,148.626,147.539,148.083,
2018/09/27,148.344,148.730,147.588,148.316,
2018/09/26,148.880,149.091,148.278,148.420,
2018/09/25,147.923,149.013,147.808,148.914,
2018/09/24,146.977,148.299,146.919,147.964,
2018/09/21,149.159,149.712,146.994,147.225,
2018/09/20,147.563,149.283,147.343,149.272,
2018/09/19,147.622,148.532,147.200,147.610,
2018/09/18,147.037,147.913,146.782,147.721,
2018/09/17,146.314,147.461,146.309,147.186,
2018/09/14,146.694,147.013,146.251,146.303,
2018/09/13,145.116,146.814,144.961,146.686,
2018/09/12,145.367,145.627,144.675,145.160,
2018/09/11,144.680,145.913,144.368,145.414,
2018/09/10,143.438,145.028,143.071,144.757,
2018/09/07,143.115,144.431,142.609,143.417,
2018/09/06,143.851,144.233,142.931,143.131,
2018/09/05,143.146,144.962,142.651,143.909,
2018/09/04,142.936,143.378,142.590,143.284,
2018/09/03,143.467,143.718,142.842,142.951,
2018/08/31,144.352,144.694,143.504,144.003,
2018/08/30,145.440,145.686,144.378,144.455,
2018/08/29,143.027,145.561,142.821,145.489,
2018/08/28,143.198,143.665,143.004,143.115,
2018/08/27,142.879,143.279,142.525,143.218,
2018/08/24,142.583,143.235,142.489,142.856,
2018/08/23,142.666,143.009,142.420,142.613,
2018/08/22,142.155,142.799,141.994,142.767,
2018/08/21,140.812,142.677,140.663,142.285,
2018/08/20,140.886,141.219,140.718,140.832,
2018/08/17,140.867,141.166,140.210,141.022,
2018/08/16,140.565,141.317,140.206,140.959,
2018/08/15,141.343,141.766,139.896,140.617,
2018/08/14,141.225,142.471,141.005,141.377,
2018/08/13,140.781,141.833,140.239,141.362,
2018/08/10,142.454,142.564,140.941,141.449,
2018/08/09,142.896,143.491,142.350,142.450,
2018/08/08,144.078,144.275,142.729,142.953,
2018/08/07,144.151,144.437,143.808,144.104,
2018/08/06,144.594,144.734,144.038,144.185,
2018/08/03,145.284,145.536,144.505,144.624,
2018/08/02,146.506,146.647,145.003,145.309,
2018/08/01,146.604,147.146,146.308,146.617,
2018/07/31,145.818,147.008,145.319,146.813,
2018/07/30,145.401,145.923,145.304,145.844,
2018/07/27,145.775,145.814,145.265,145.509,
2018/07/26,146.329,146.507,145.756,145.806,
2018/07/25,146.079,146.519,145.750,146.361,
2018/07/24,145.841,146.325,145.456,146.153,
2018/07/23,146.118,146.422,145.674,145.874,
2018/07/20,146.340,146.660,145.974,146.454,
2018/07/19,147.457,147.604,146.154,146.369,
2018/07/18,147.919,148.228,146.819,147.478,
2018/07/17,148.576,149.089,147.576,148.046,
2018/07/16,148.393,149.310,148.347,148.605,
2018/07/13,148.560,148.672,147.642,148.638,
2018/07/12,147.892,148.892,147.764,148.606,
2018/07/11,147.306,148.130,146.800,147.887,
2018/07/10,146.908,147.788,146.807,147.367,
2018/07/09,146.903,147.611,146.114,146.949,
2018/07/06,146.134,146.667,146.115,146.592,
2018/07/05,146.183,146.868,145.836,146.261,
2018/07/04,145.849,146.365,145.509,146.175,
2018/07/03,145.623,146.382,145.284,145.872,
2018/07/02,145.733,146.489,145.183,145.732,
2018/06/29,144.453,146.329,144.342,146.087,
2018/06/28,144.532,144.676,143.769,144.507,
2018/06/27,145.389,145.660,144.518,144.632,
2018/06/26,145.760,145.780,144.973,145.482,
2018/06/25,145.525,146.164,144.693,145.774,
2018/06/22,145.597,146.648,145.380,145.788,
2018/06/21,145.324,146.217,144.591,145.610,
2018/06/20,144.988,145.620,144.584,145.347,
2018/06/19,146.404,146.469,144.383,144.993,
2018/06/18,146.774,146.993,146.101,146.431,
2018/06/15,146.743,147.065,146.293,146.850,
2018/06/14,147.528,147.846,146.657,146.677,
2018/06/13,147.535,147.893,147.209,147.588,
2018/06/12,147.229,147.984,147.102,147.575,
2018/06/11,146.506,147.845,146.426,147.245,
2018/06/08,147.117,147.439,146.092,146.712,
2018/06/07,147.749,148.114,146.900,147.209,
2018/06/06,146.955,148.005,146.947,147.784,
2018/06/05,146.153,147.094,146.034,147.083,
2018/06/04,145.929,146.897,145.839,146.176,
2018/06/01,144.592,146.289,144.484,146.272,
2018/05/31,144.695,145.310,144.124,144.637,
2018/05/30,144.061,145.055,143.597,144.637,
2018/05/29,145.577,145.708,143.194,144.212,
2018/05/28,146.062,146.174,145.319,145.613,
2018/05/25,146.001,146.724,145.278,145.724,
2018/05/24,146.892,147.270,145.689,146.156,
2018/05/23,148.918,149.010,145.944,146.945,
2018/05/22,149.063,149.722,148.767,148.950,
2018/05/21,149.239,149.652,148.812,149.124,
2018/05/18,149.651,150.007,149.094,149.237,
2018/05/17,148.739,149.834,148.733,149.698,
2018/05/16,148.964,149.065,148.154,148.931,
2018/05/15,148.632,149.197,148.377,149.022,
2018/05/14,148.018,149.065,147.784,148.625,
2018/05/11,147.878,148.486,147.582,148.024,
2018/05/10,148.596,149.306,147.481,147.860,
2018/05/09,147.780,149.194,147.721,148.655,
2018/05/08,147.876,148.072,147.049,147.848,
2018/05/07,147.630,148.264,147.340,147.880,
2018/05/04,148.177,148.279,147.061,147.653,
2018/05/03,149.068,149.464,147.599,148.222,
2018/05/02,149.565,150.124,149.005,149.100,
2018/05/01,150.423,150.632,149.144,149.591,
2018/04/30,150.144,150.842,149.837,150.490,
2018/04/27,152.072,152.275,150.246,150.312,
2018/04/26,152.384,152.727,151.975,152.076,
2018/04/25,152.083,152.567,152.077,152.429,
2018/04/24,151.543,152.600,151.406,152.096,
2018/04/23,150.866,151.638,150.714,151.520,
2018/04/20,151.223,151.698,150.709,150.833,
2018/04/19,152.280,152.957,151.085,151.189,
2018/04/18,152.884,153.628,152.060,152.300,
2018/04/17,153.552,153.751,152.778,152.915,
2018/04/16,153.087,153.760,152.653,153.575,
2018/04/13,152.720,153.848,152.582,152.947,
2018/04/12,151.366,152.877,151.168,152.721,
2018/04/11,151.992,152.242,151.278,151.391,
2018/04/10,150.820,152.135,150.706,151.955,
2018/04/09,150.622,151.489,150.491,150.851,
2018/04/06,150.364,151.224,149.885,150.585,
2018/04/05,150.297,150.685,149.963,150.375,
2018/04/04,149.848,150.424,148.798,150.329,
2018/04/03,148.667,149.954,148.495,149.889,
2018/04/02,148.838,149.672,148.386,148.723,
2018/03/30,149.184,149.447,148.821,149.072,
2018/03/29,150.359,150.463,149.024,149.196,
2018/03/28,149.051,150.590,149.009,150.357,
2018/03/27,149.904,150.495,148.933,149.125,
2018/03/26,147.858,150.106,147.811,149.980,
2018/03/23,148.401,148.971,147.658,148.160,
2018/03/22,149.923,150.106,148.272,148.385,
2018/03/21,149.089,150.305,148.951,149.951,
2018/03/20,148.780,149.790,148.576,149.134,
2018/03/19,147.575,149.682,147.046,148.789,
2018/03/16,148.199,148.238,147.247,147.880,
2018/03/15,148.382,148.497,147.445,148.192,
2018/03/14,148.822,149.163,147.751,148.450,
2018/03/13,147.961,149.378,147.766,148.796,
2018/03/12,147.617,148.212,147.413,147.962,
2018/03/09,146.612,148.544,146.544,147.886,
2018/03/08,147.369,147.661,146.351,146.686,
2018/03/07,147.419,147.566,146.230,147.475,
2018/03/06,147.044,148.011,146.550,147.370,
2018/03/05,145.484,147.116,145.078,147.059,
2018/03/02,146.285,146.444,144.988,145.798,
2018/03/01,146.761,147.482,146.003,146.354,
2018/02/28,149.266,149.515,146.721,146.786,
2018/02/27,149.345,149.812,148.835,149.287,
2018/02/26,149.728,150.009,148.993,149.364,
2018/02/23,148.933,149.515,148.600,149.268,
2018/02/22,149.949,149.971,148.540,148.965,
2018/02/21,150.155,150.931,149.421,149.999,
2018/02/20,149.200,150.380,149.073,150.203,
2018/02/19,148.959,149.473,148.879,149.194,
2018/02/16,149.586,149.962,148.778,148.928,
2018/02/15,149.672,150.185,148.921,149.660,
2018/02/14,149.654,150.024,147.965,149.810,
2018/02/13,150.276,150.625,148.974,149.773,
2018/02/12,150.184,150.824,149.665,150.344,
2018/02/09,151.265,152.753,148.919,150.355,
2018/02/08,151.698,154.047,150.830,151.292,
2018/02/07,152.761,153.123,151.325,151.765,
2018/02/06,152.296,152.907,151.205,152.842,
2018/02/05,155.377,155.527,152.277,152.360,
2018/02/02,156.081,156.607,155.483,155.487,
2018/02/01,154.907,156.443,154.872,156.006,
2018/01/31,153.823,155.345,153.563,154.953,
2018/01/30,153.268,154.080,151.973,153.905,
2018/01/29,153.648,154.023,152.821,153.361,
2018/01/26,154.650,155.852,153.425,153.779,
2018/01/25,155.512,156.087,154.423,154.688,
2018/01/24,154.466,155.720,154.126,155.462,
2018/01/23,155.088,155.397,153.730,154.408,
2018/01/22,153.525,155.248,153.251,155.170,
2018/01/19,154.272,154.437,153.109,153.557,
2018/01/18,153.863,154.580,153.617,154.363,
2018/01/17,152.344,154.281,152.146,153.893,
2018/01/16,152.511,153.100,152.046,152.339,
2018/01/15,152.486,152.804,151.931,152.455,
2018/01/12,150.546,152.674,150.512,152.456,
2018/01/11,150.469,151.003,150.194,150.653,
2018/01/10,152.481,152.597,150.357,150.501,
2018/01/09,153.435,153.572,151.941,152.502,
2018/01/08,153.387,153.672,152.873,153.432,
2018/01/05,152.732,153.641,152.701,153.452,
2018/01/04,151.942,152.977,151.937,152.785,
2018/01/03,152.530,152.826,151.757,152.070,
2018/01/02,151.973,152.734,151.864,152.633,
2017/12/29,151.734,152.514,151.532,152.128,
2017/12/28,151.836,151.985,151.493,151.731,
2017/12/27,151.404,152.090,151.313,151.868,
2017/12/26,151.079,151.585,151.079,151.450,
2017/12/25,151.228,151.591,151.199,151.467,
2017/12/22,151.630,151.856,151.317,151.390,
2017/12/21,151.653,151.917,151.271,151.676,
2017/12/20,151.059,152.012,151.043,151.658,
2017/12/19,150.602,151.268,150.369,151.099,
2017/12/18,150.013,151.024,149.681,150.592,
2017/12/15,150.899,151.021,149.414,150.019,
2017/12/14,150.890,151.858,150.625,150.948,
2017/12/13,151.248,151.510,150.463,150.985,
2017/12/12,151.409,151.757,151.027,151.205,
2017/12/11,151.790,152.344,151.235,151.482,
2017/12/08,152.327,153.408,151.630,151.949,
2017/12/07,150.315,152.463,150.138,152.360,
2017/12/06,151.338,151.401,149.756,150.367,
2017/12/05,151.428,151.812,150.528,151.337,
2017/12/04,151.458,152.946,151.258,151.520,
2017/12/01,152.232,152.481,150.586,151.016,
2017/11/30,150.010,152.407,149.976,152.237,
2017/11/29,148.672,150.436,148.596,150.076,
2017/11/28,147.918,149.282,146.973,148.715,
2017/11/27,148.534,148.868,147.832,147.982,
2017/11/24,147.993,148.985,147.928,148.701,
2017/11/23,148.106,148.478,147.785,147.991,
2017/11/22,148.840,148.971,148.010,148.204,
2017/11/21,149.000,149.368,148.611,148.848,
2017/11/20,148.130,149.229,147.633,149.028,
2017/11/17,149.134,149.316,147.927,148.146,
2017/11/16,148.648,149.458,148.509,149.150,
2017/11/15,149.190,149.357,148.114,148.664,
2017/11/14,148.975,149.557,148.618,149.355,
2017/11/13,149.363,149.680,148.056,149.015,
2017/11/10,149.187,149.997,148.836,149.826,
2017/11/09,149.297,149.695,148.443,149.160,
2017/11/08,150.046,150.118,148.542,149.327,
2017/11/07,149.749,150.322,149.653,150.078,
2017/11/06,148.947,149.893,148.943,149.771,
2017/11/03,148.979,149.531,148.710,149.186,
2017/11/02,151.201,151.454,148.666,148.980,
2017/11/01,150.924,151.938,150.910,151.245,
2017/10/31,149.473,151.061,149.194,150.930,
2017/10/30,149.125,150.011,149.119,149.471,
2017/10/27,149.991,150.040,148.900,149.208,
2017/10/26,150.795,150.899,149.765,150.024,
2017/10/25,149.578,151.392,149.280,150.847,
2017/10/24,149.674,150.089,149.129,149.586,
2017/10/23,149.895,150.492,149.473,149.682,
2017/10/20,148.061,149.821,147.987,149.671,
2017/10/19,149.087,149.435,147.909,148.091,
2017/10/18,147.947,149.116,147.889,149.107,
2017/10/17,148.626,149.054,147.774,148.021,
2017/10/16,148.571,148.960,148.170,148.644,
2017/10/13,148.870,149.263,148.460,148.666,
2017/10/12,148.711,149.152,147.289,148.962,
2017/10/11,148.429,148.844,147.843,148.768,
2017/10/10,148.028,148.518,147.735,148.465,
2017/10/09,147.198,148.547,146.731,148.091,
2017/10/06,147.976,148.026,147.040,147.181,
2017/10/05,149.303,149.454,147.680,147.982,
2017/10/04,149.378,149.905,149.037,149.374,
2017/10/03,149.655,150.239,149.294,149.395,
2017/10/02,150.478,150.961,149.278,149.701,
2017/09/29,150.918,151.279,150.198,150.739,
